Friday 30th December, 2016	8 10 22 29 47 1 3	VLLD46580	£14,538,400 Rolled
Tuesday 27th December, 2016	3 22 25 32 39 7 12	HKKV12214	£21,534,783
Friday 23rd December, 2016	4 16 20 39 46 2 5	HFJP52070	£14,487,400 Rolled
Tuesday 20th December, 2016	13 15 17 21 27 2 3	HHJZ98130	£51,875,129
Friday 16th December, 2016	6 10 30 41 45 4 11	VGJS41520	£43,003,166 Rolled
Tuesday 13th December, 2016	14 28 29 48 50 2 8	HFJP06386	£32,050,401 Rolled
Friday 9th December, 2016	6 12 28 37 40 1 5	JDJD53646	£24,450,957 Rolled
Tuesday 6th December, 2016	1 7 11 27 45 4 9	JXGX45899	£14,392,200 Rolled
Friday 2nd December, 2016	6 11 23 31 32 2 12	MBHQ82548	£24,662,130
Tuesday 29th November, 2016	21 26 27 28 38 9 11	TZHJ15755	£14,494,200 Rolled
Friday 25th November, 2016	5 11 17 23 28 10 11	JXHB96639	£52,019,424
Tuesday 22nd November, 2016	5 10 33 34 47 2 10	JWGP46054	£40,546,633 Rolled
Friday 18th November, 2016	3 12 27 32 47 6 8	VVGF07031	£32,720,430 Rolled
Tuesday 15th November, 2016	7 15 36 42 48 3 7	MTGB77053	£22,092,234 Rolled
Friday 11th November, 2016	3 22 23 38 49 2 9	XSFR84791	£14,648,900 Rolled
Tuesday 8th November, 2016	5 9 47 49 50 8 9	HRFJ03933	£35,072,281
Friday 4th November, 2016	7 11 12 44 48 3 7	MQFB03667	£26,830,014 Rolled
Tuesday 1st November, 2016	6 10 20 29 37 1 9	HMCW34245	£15,362,900 Rolled
Friday 28th October, 2016	10 16 19 23 43 2 8	TNDK61168	£15,667,698
Tuesday 25th October, 2016	3 15 20 21 28 1 5	JMDB77565	£44,777,159
Friday 21st October, 2016	9 20 23 44 48 8 10	TLCN55819	£35,497,880 Rolled
Tuesday 18th October, 2016	2 17 21 25 27 6 9	MKCJ75560	£23,638,239 Rolled
Friday 14th October, 2016	7 13 19 31 34 1 11	VJBX86876	£15,330,600 Rolled
Tuesday 11th October, 2016	5 12 20 24 37 4 11	JHBB23412	£153,361,048
Friday 7th October, 2016	2 12 20 27 30 9 11	TGZL24043	£140,104,641 Rolled
Tuesday 4th October, 2016	4 7 14 34 38 4 11	JFZD09681	£124,041,722 Rolled
Friday 30th September, 2016	17 35 37 43 44 2 10	HDXK89184	£112,697,000 Rolled
Tuesday 27th September, 2016	6 9 13 39 41 2 12	HCWN62771	£14,671,000 Rolled
Friday 23rd September, 2016	14 16 39 42 49 3 9	VWV951872	£20,683,054
Tuesday 20th September, 2016	1 4 10 41 45 6 9	TWQ785573	£12,900,000 Rolled
Friday 16th September, 2016	5 8 14 22 32 2 11	SWL978493	£34,037,587
Tuesday 13th September, 2016	4 7 16 35 44 1 3	RWB676077	£25,859,082 Rolled
Friday 9th September, 2016	4 11 15 17 28 1 3	PVQ911019	£20,243,965 Rolled
Tuesday 6th September, 2016	12 24 30 34 45 7 10	PVR543118	£12,579,000 Rolled
Friday 2nd September, 2016	8 16 32 40 50 2 11	NVJ898067	£32,837,522
Tuesday 30th August, 2016	13 16 29 35 42 6 8	MVH611628	£25,605,853 Rolled
Friday 26th August, 2016	1 9 28 30 48 7 8	LTW182939	£20,257,321 Rolled
Tuesday 23rd August, 2016	2 23 31 37 45 4 8	JTK288786	£12,870,000 Rolled
Friday 19th August, 2016	5 6 22 25 34 5 7	JTP111531	£47,566,032
Tuesday 16th August, 2016	2 26 34 37 46 4 8	HTF991915	£39,327,773 Rolled
Friday 12th August, 2016	2 15 28 36 50 2 11	GSZ040219	£33,820,376 Rolled
Tuesday 9th August, 2016	12 19 43 44 45 5 10	FSP017837	£25,724,734 Rolled
Friday 5th August, 2016	16 19 24 35 37 2 7	DSJ166259	£20,140,295 Rolled
Tuesday 2nd August, 2016	2 8 27 38 46 2 6	CSC962059	£12,612,000 Rolled
Friday 29th July, 2016	1 21 26 40 50 2 4	BRR888846	£61,102,443
Tuesday 26th July, 2016	3 10 13 45 49 2 11	ZRR675637	£51,731,973 Rolled
Friday 22nd July, 2016	7 24 26 37 45 5 9	XQY886338	£45,790,415 Rolled
Tuesday 19th July, 2016	19 24 28 36 37 3 6	XQY483134	£38,223,590 Rolled
Friday 15th July, 2016	2 11 13 14 21 1 8	VQK847406	£32,611,251 Rolled
Tuesday 12th July, 2016	3 7 26 33 41 2 10	VQK223149	£25,081,394 Rolled
Friday 8th July, 2016	8 12 18 33 44 4 8	TQF024839	£20,261,530 Rolled
Tuesday 5th July, 2016	1 10 29 38 48 3 4	SPZ872322	£12,760,500 Rolled
Friday 1st July, 2016	2 11 13 40 50 1 10	QPM048430	£20,022,696
Tuesday 28th June, 2016	26 32 37 43 49 4 5	QPL327042	£12,448,500 Rolled
Friday 24th June, 2016	11 19 27 28 39 3 10	NNX274129	£32,395,415
Tuesday 21st June, 2016	5 17 32 35 49 1 5	NPB205470	£23,371,931 Rolled
Friday 17th June, 2016	1 7 18 27 43 4 8	MNR722401	£18,818,757 Rolled
Tuesday 14th June, 2016	13 34 39 42 50 9 11	LNN393135	£11,928,000 Rolled
Friday 10th June, 2016	14 21 35 42 43 7 9	KNJ224308	£67,227,348
Tuesday 7th June, 2016	19 26 35 45 49 2 5	JMX636943	£57,100,579 Rolled
Friday 3rd June, 2016	7 23 31 33 39 6 10	HMS533469	£50,611,162 Rolled
Tuesday 31st May, 2016	6 12 26 30 48 6 7	GMF009112	£41,708,725 Rolled
Friday 27th May, 2016	13 25 27 43 46 4 8	FLV732727	£35,790,545 Rolled
Tuesday 24th May, 2016	16 17 23 34 37 6 9	DLS506955	£28,279,072 Rolled
Friday 20th May, 2016	9 14 30 41 45 4 9	CLL095602	£23,593,583 Rolled
Tuesday 17th May, 2016	15 27 32 36 39 3 10	BLD375634	£16,625,472 Rolled
Friday 13th May, 2016	7 15 28 31 42 10 11	ZKY577961	£11,811,000 Rolled
Tuesday 10th May, 2016	2 26 27 40 49 5 10	YKQ309499	£57,525,794
Friday 6th May, 2016	32 34 40 45 48 1 10	XKM780699	£51,342,488 Rolled
Tuesday 3rd May, 2016	8 23 24 34 38 3 7	WJZ710336	£43,360,228 Rolled
Friday 29th April, 2016	4 5 25 28 43 6 11	RHX856027	£37,275,721 Rolled
Tuesday 26th April, 2016	10 17 31 32 42 2 5	TJM549430	£28,958,268 Rolled
Friday 22nd April, 2016	17 26 32 34 43 2 10	SJC077121	£23,868,937 Rolled
Tuesday 19th April, 2016	11 14 15 27 44 2 7	RHW968483	£16,895,105 Rolled
Friday 15th April, 2016	13 14 32 37 48 1 7	QHQ601782	£11,932,500 Rolled
Tuesday 12th April, 2016	1 5 9 22 38 2 10	PHK986965	£51,818,874
Friday 8th April, 2016	6 8 26 43 49 6 10	NHB094378	£46,258,071 Rolled
Tuesday 5th April, 2016	3 5 9 19 40 2 5	MGY489185	£37,762,659 Rolled
Friday 1st April, 2016	2 16 23 25 49 6 9	LGN791604	£31,942,807 Rolled
Tuesday 29th March, 2016	1 4 19 25 36 3 11	KGK662163	£23,722,612 Rolled
Friday 25th March, 2016	12 19 36 42 43 5 8	JFZ542779	£18,978,724 Rolled
Tuesday 22nd March, 2016	12 15 26 42 49 5 8	HFW851168	£11,845,500 Rolled
Friday 18th March, 2016	14 19 21 24 49 5 11	GFP567352	£46,514,105
Tuesday 15th March, 2016	5 7 10 34 44 2 10	FFD954589	£38,751,467 Rolled
Friday 11th March, 2016	1 21 26 40 43 6 9	BDN010072	£32,729,736 Rolled
Tuesday 8th March, 2016	1 8 9 14 23 1 7	CDV579595	£24,864,878 Rolled
Friday 4th March, 2016	9 14 16 23 40 1 5	BDM196361	£19,432,742 Rolled
Tuesday 1st March, 2016	4 7 13 28 37 10 11	ZDJ683356	£11,698,500 Rolled
Friday 26th February, 2016	5 13 15 33 50 9 11	TBV264660	£11,842,500
Tuesday 23rd February, 2016	23 25 32 37 42 1 11	XCT502075	£24,605,103
Friday 19th February, 2016	13 14 30 32 39 3 9	WCJ620838	£19,006,842 Rolled
Tuesday 16th February, 2016	3 10 22 37 50 6 10	VCG293341	£11,700,000 Rolled
Friday 12th February, 2016	3 20 28 31 49 2 5	TBT862658	£24,769,932
Tuesday 9th February, 2016	6 9 13 28 37 4 5	SBN176721	£17,090,950 Rolled
Friday 5th February, 2016	3 27 32 41 46 4 8	RBH758372	£11,541,000 Rolled
Tuesday 2nd February, 2016	6 9 10 21 36 2 6	QBD711428	£11,373,000
Friday 29th January, 2016	1 5 23 29 32 1 7	PZL045784	£100,765,091
Tuesday 26th January, 2016	15 24 38 40 48 2 9	NZG496113	£87,892,394 Rolled
Friday 22nd January, 2016	10 12 27 30 47 8 9	HXG116896	£79,365,304 Rolled
Tuesday 19th January, 2016	2 30 38 43 46 2 7	LYM835731	£70,146,761 Rolled
Friday 15th January, 2016	10 19 38 43 46 1 11	KXX724553	£62,768,100 Rolled
Tuesday 12th January, 2016	1 2 10 30 44 1 8	JXV651907	£52,409,215 Rolled
Friday 8th January, 2016	5 26 33 35 40 3 8	HXH763610	£46,235,544 Rolled
Tuesday 5th January, 2016	6 10 31 36 39 6 10	GXC726529	£36,601,816 Rolled
Friday 1st January, 2016	4 37 38 39 44 4 7	FWT985411	£31,339,370 Rolled
Tuesday 29th December, 2015	5 20 31 32 36 6 7	ZVF557089	£23,871,796 Rolled
Friday 25th December, 2015	3 10 25 27 40 3 9	BVP106263	£18,422,340 Rolled
Tuesday 22nd December, 2015	18 19 20 40 41 7 10	BVS752131	£11,112,000 Rolled
Friday 18th December, 2015	6 22 26 29 48 5 6	ZVD730002	£60,657,149
Tuesday 15th December, 2015	8 11 23 27 35 4 11	YTZ794237	£51,599,368 Rolled
Friday 11th December, 2015	3 5 21 40 43 6 11	XTR131816	£45,271,012 Rolled
Tuesday 8th December, 2015	12 17 29 38 48 9 11	QRN507684	£37,358,158 Rolled
Friday 4th December, 2015	8 17 18 27 39 1 7	VTD028403	£31,893,763 Rolled
Tuesday 1st December, 2015	2 15 25 35 45 8 10	TSV780931	£23,663,957 Rolled
Friday 27th November, 2015	16 29 30 37 50 6 8	RSB675750	£18,467,154 Rolled
Tuesday 24th November, 2015	9 14 16 17 26 10 11	QRK490005	£10,599,000 Rolled
Friday 20th November, 2015	4 30 34 46 49 7 8	QRK800164	£114,814,234
Tuesday 17th November, 2015	6 7 23 37 38 10 11	PRF748832	£101,384,894 Rolled
Friday 13th November, 2015	10 17 18 33 40 2 8	NQN563801	£92,419,190 Rolled
Tuesday 10th November, 2015	6 13 18 39 43 2 8	MPX999376	£79,495,676 Rolled
Friday 6th November, 2015	3 17 26 38 40 4 10	LPR317686	£71,380,000 Rolled
Tuesday 3rd November, 2015	8 27 39 46 49 2 6	KPC650684	£39,134,284 Rolled
Friday 30th October, 2015	8 13 17 21 34 6 7	JNN747298	£33,935,721 Rolled
Tuesday 27th October, 2015	11 12 20 25 36 6 9	HNK628639	£26,892,567 Rolled
Friday 23rd October, 2015	7 25 30 32 39 2 8	GMZ275289	£22,011,013 Rolled
Tuesday 20th October, 2015	17 19 21 30 45 8 10	FMW499356	£15,634,628 Rolled
Friday 16th October, 2015	7 28 29 43 48 3 10	DMS237018	£11,035,500 Rolled
Tuesday 13th October, 2015	12 15 26 29 47 3 11	CMJ484477	£23,035,307
Friday 9th October, 2015	1 40 42 43 47 9 11	BMG048099	£18,085,197 Rolled
Tuesday 6th October, 2015	11 20 22 29 32 1 8	ZLS945307	£11,101,500 Rolled
Friday 2nd October, 2015	7 18 21 32 35 2 11	YLM042120	£11,065,500
Tuesday 29th September, 2015	11 14 26 29 49 3 9	XLK740008	£11,152,500
Friday 25th September, 2015	13 14 23 30 37 2 8	VKT413903	£35,170,064
Tuesday 22nd September, 2015	14 23 26 27 29 7 10	VKR195051	£27,140,220 Rolled
Friday 18th September, 2015	7 29 33 34 39 7 8	SKB665653	£22,450,618 Rolled
Tuesday 15th September, 2015	8 15 17 44 49 5 8	SKC731747	£15,723,801 Rolled
Friday 11th September, 2015	10 18 19 29 50 1 9	RJY530370	£11,032,500 Rolled
Tuesday 8th September, 2015	14 16 39 40 42 1 4	QJN180474	£22,464,583
Friday 4th September, 2015	8 9 27 45 50 8 10	PJH105083	£17,883,898 Rolled
Tuesday 1st September, 2015	6 19 21 27 45 1 8	NJB393458	£11,077,500 Rolled
Friday 28th August, 2015	11 29 30 31 34 4 7	LHJ629561	£10,908,000
Tuesday 25th August, 2015	27 31 33 42 50 2 5	LHM948730	£22,297,655
Friday 21st August, 2015	4 16 18 43 47 6 10	KHH620807	£17,370,968 Rolled
Tuesday 18th August, 2015	7 10 11 12 19 2 9	JHB058738	£10,582,500 Rolled
Friday 14th August, 2015	4 7 39 44 45 3 5	HGT758343	£28,595,278
Tuesday 11th August, 2015	2 3 8 15 16 4 11	GGJ098710	£21,748,476 Rolled
Friday 7th August, 2015	1 5 21 39 44 4 11	FGF188408	£17,058,370 Rolled
Tuesday 4th August, 2015	10 15 39 45 50 9 10	DFW984541	£10,500,000 Rolled
Friday 31st July, 2015	16 21 34 40 50 6 9	CFJ791314	£17,564,689
Tuesday 28th July, 2015	23 32 36 43 49 7 8	BFF084548	£10,639,500 Rolled
Friday 24th July, 2015	2 9 21 35 46 2 11	ZFC146042	£28,675,998
Tuesday 21st July, 2015	14 20 27 29 44 7 10	YDR606098	£21,651,101 Rolled
Friday 17th July, 2015	1 21 22 43 48 7 9	XDJ136068	£16,844,082 Rolled
Tuesday 14th July, 2015	6 18 19 34 36 1 8	WDB637689	£10,572,000 Rolled
Friday 10th July, 2015	5 8 15 35 41 4 5	VCY513088	£29,461,344
Tuesday 7th July, 2015	6 7 18 33 41 3 10	TCQ317821	£22,161,317 Rolled
Friday 3rd July, 2015	11 12 15 18 44 3 9	SCF137734	£17,408,173 Rolled
Tuesday 30th June, 2015	11 15 28 34 37 1 8	RCB961302	£10,653,000 Rolled
Friday 26th June, 2015	3 6 10 19 24 5 7	QBM431954	£17,954,602
Tuesday 23rd June, 2015	4 16 22 38 49 6 9	PBH117639	£10,669,500 Rolled
Friday 19th June, 2015	7 14 20 31 42 3 9	FWZ871636	£17,776,969
Tuesday 16th June, 2015	10 15 16 36 37 3 9	MZX313346	£10,785,000 Rolled
Friday 12th June, 2015	5 8 10 11 37 7 9	LZD367111	£93,388,944
Tuesday 9th June, 2015	5 9 17 32 34 6 8	KYX846894	£82,265,988 Rolled
Friday 5th June, 2015	2 7 8 45 48 1 9	HXR469537	£72,850,000 Rolled
Tuesday 2nd June, 2015	7 23 29 37 41 1 8	HXW427337	£15,874,102 Rolled
Friday 29th May, 2015	3 4 20 45 48 6 8	FXD635711	£10,791,000 Rolled
Tuesday 26th May, 2015	5 6 7 21 24 5 6	FXF094618	£26,656,367
Friday 22nd May, 2015	18 24 35 44 45 5 11	DWV870769	£22,169,936 Rolled
Tuesday 19th May, 2015	26 30 31 35 37 8 11	CWN616621	£15,476,457 Rolled
Friday 15th May, 2015	5 35 42 44 47 8 9	BWF998793	£10,932,000 Rolled
Tuesday 12th May, 2015	14 29 30 40 46 3 6	ZWD487773	£34,276,743
Friday 8th May, 2015	7 14 19 47 49 3 10	YVR370575	£29,532,380 Rolled
Tuesday 5th May, 2015	1 10 17 20 42 8 9	QSR264234	£22,723,433 Rolled
Friday 1st May, 2015	3 19 20 25 26 6 10	WVJ089334	£17,749,913 Rolled
Tuesday 28th April, 2015	24 26 28 36 45 7 10	VTZ500534	£10,741,500 Rolled
Friday 24th April, 2015	5 19 29 31 40 3 10	STG259245	£36,298,267
Tuesday 21st April, 2015	6 14 17 42 45 1 8	RTC470920	£28,100,414 Rolled
Friday 17th April, 2015	2 24 30 34 39 8 11	RTB451867	£22,844,230 Rolled
Tuesday 14th April, 2015	24 32 34 35 49 1 2	QSV351804	£15,639,792 Rolled
Friday 10th April, 2015	22 23 25 30 43 5 9	PSN210013	£10,876,500 Rolled
Tuesday 7th April, 2015	18 25 39 44 50 5 8	NSJ900443	£15,679,890
Friday 3rd April, 2015	27 29 37 39 49 2 4	MRZ525625	£11,055,000 Rolled
Tuesday 31st March, 2015	8 20 24 28 49 8 9	LRN064671	£53,193,914
Friday 27th March, 2015	2 30 32 39 44 6 10	HQL344348	£47,673,633 Rolled
Tuesday 24th March, 2015	10 24 26 39 40 3 10	CPJ163917	£38,975,399 Rolled
Friday 20th March, 2015	3 14 37 42 48 1 10	HQQ021515	£32,843,195 Rolled
Tuesday 17th March, 2015	11 23 26 38 44 1 8	GQF136093	£24,825,416 Rolled
Friday 13th March, 2015	4 5 18 22 23 1 3	FPY442445	£19,376,761 Rolled
Tuesday 10th March, 2015	2 6 23 30 31 2 10	DPP552799	£10,656,000 Rolled
Friday 6th March, 2015	23 30 47 49 50 2 7	CPF291509	£72,180,000
Tuesday 3rd March, 2015	6 8 11 13 21 7 8	BNX714267	£59,016,205 Rolled
Friday 27th February, 2015	5 14 17 25 47 9 10	SLP103214	£52,055,697 Rolled
Tuesday 24th February, 2015	3 25 28 34 50 1 11	YMV937351	£43,197,448 Rolled
Friday 20th February, 2015	4 10 14 37 46 4 7	XMN947162	£37,807,029 Rolled
Tuesday 17th February, 2015	2 5 18 30 43 1 10	WML356365	£30,050,324 Rolled
Friday 13th February, 2015	12 24 39 42 44 3 11	VMC023147	£24,682,682 Rolled
Tuesday 10th February, 2015	13 17 20 30 45 9 10	TLR790082	£16,073,137 Rolled
Friday 6th February, 2015	10 26 30 39 50 7 8	SLR194985	£11,154,000 Rolled
Tuesday 3rd February, 2015	17 31 33 44 50 7 11	QKV906105	£11,370,000
Friday 30th January, 2015	9 13 15 19 24 3 8	PKT347204	£11,244,000
Tuesday 27th January, 2015	5 10 31 33 40 8 10	PKR737633	£16,266,792
Friday 23rd January, 2015	6 29 30 38 45 1 8	NKH258587	£11,247,000 Rolled
Tuesday 20th January, 2015	15 33 41 44 47 8 10	MKF065228	£24,827,488
Friday 16th January, 2015	29 30 32 34 46 3 6	LJZ103039	£19,476,379 Rolled
Tuesday 13th January, 2015	8 17 21 31 34 9 10	KJQ995224	£11,659,500 Rolled
Friday 9th January, 2015	6 21 24 32 45 1 11	HJB814065	£24,754,047
Tuesday 6th January, 2015	14 20 30 38 49 3 4	GHX600691	£16,954,080 Rolled
Friday 2nd January, 2015	22 24 25 28 49 3 6	FHM965884	£11,751,000 Rolled
Tuesday 30th December, 2014	6 18 39 44 50 8 11	ZGH564952	£11,727,000
Friday 26th December, 2014	17 26 27 45 49 2 3	CGY307580	£19,781,351
Tuesday 23rd December, 2014	8 9 19 25 49 2 10	CHB485448	£11,787,000 Rolled
Friday 19th December, 2014	23 29 31 39 44 5 8	BGM814770	£11,737,500
Tuesday 16th December, 2014	3 7 12 13 25 5 8	ZGL268466	£31,462,687
Friday 12th December, 2014	2 15 28 31 37 4 6	YGC813215	£25,517,469 Rolled
Tuesday 9th December, 2014	1 3 31 42 46 4 11	XFS947413	£17,246,777 Rolled
Friday 5th December, 2014	5 8 37 47 48 2 3	WFP477150	£11,851,500 Rolled
Tuesday 2nd December, 2014	3 15 25 44 49 1 9	VFD352386	£57,837,341
Friday 28th November, 2014	6 10 15 23 41 4 10	LBR622413	£51,217,623 Rolled
Tuesday 25th November, 2014	3 7 25 32 36 1 6	SDM049114	£40,715,869 Rolled
Friday 21st November, 2014	4 7 28 32 37 5 10	RDD524710	£34,100,271 Rolled
Tuesday 18th November, 2014	2 3 17 36 38 4 11	LBR241700	£26,007,143 Rolled
Friday 14th November, 2014	17 32 36 38 48 5 8	PCR219559	£20,235,047 Rolled
Tuesday 11th November, 2014	2 14 21 36 46 7 11	NCK928604	£11,766,000 Rolled
Friday 7th November, 2014	13 25 32 38 46 1 10	MBY751327	£25,871,873
Tuesday 4th November, 2014	1 6 13 17 26 3 5	LBT961449	£17,438,916 Rolled
Friday 31st October, 2014	10 13 20 33 41 3 9	FXL068046	£11,763,000 Rolled
Tuesday 28th October, 2014	10 15 17 40 45 1 2	JBB878815	£11,848,500
Friday 24th October, 2014	3 9 20 30 42 1 6	HZR734604	£149,758,000
Tuesday 21st October, 2014	20 21 27 33 40 3 10	GYW290078	£143,641,614 Rolled
Friday 17th October, 2014	1 13 40 48 49 8 10	FYB500369	£130,128,674 Rolled
Tuesday 14th October, 2014	4 5 15 23 32 3 7	DWX409816	£114,362,313 Rolled
Friday 10th October, 2014	6 29 42 45 47 9 10	CWJ405938	£101,812,996 Rolled
Tuesday 7th October, 2014	9 21 28 30 38 1 8	BWD746691	£88,304,909 Rolled
Friday 3rd October, 2014	4 13 23 48 50 5 10	ZVL008703	£78,370,000 Rolled
Tuesday 30th September, 2014	3 13 15 33 42 5 7	YVB959772	£25,668,301
Friday 26th September, 2014	13 27 35 46 47 1 2	XTR537741	£20,137,574 Rolled
Tuesday 23rd September, 2014	12 13 14 29 35 1 7	WTP479431	£11,770,500 Rolled
Friday 19th September, 2014	6 8 34 38 48 3 9	TST770645	£68,362,889
Tuesday 16th September, 2014	4 29 30 35 50 2 4	TSZ767927	£59,479,470 Rolled
Friday 12th September, 2014	9 13 26 31 33 7 11	SSQ150131	£52,772,468 Rolled
Tuesday 9th September, 2014	8 15 19 24 35 8 10	RSH988249	£44,245,873 Rolled
Friday 5th September, 2014	1 18 23 46 50 3 9	QSB699292	£37,783,420 Rolled
Tuesday 2nd September, 2014	5 25 31 39 45 1 8	PRS059299	£29,994,082 Rolled
Friday 29th August, 2014	2 9 26 32 38 3 6	NRN735283	£24,464,842 Rolled
Tuesday 26th August, 2014	10 22 36 45 48 4 11	MRH531124	£16,991,311 Rolled
Friday 22nd August, 2014	4 17 29 35 49 1 2	KQR178118	£12,000,000 Rolled
Tuesday 19th August, 2014	4 7 11 34 47 7 8	KQV089304	£43,584,628
Friday 15th August, 2014	4 5 21 23 30 8 10	JQL301077	£37,718,167 Rolled
Tuesday 12th August, 2014	7 16 19 22 33 2 5	HQG351830	£30,079,457 Rolled
Friday 8th August, 2014	21 29 35 43 46 1 9	GQB228900	£24,759,542 Rolled
Tuesday 5th August, 2014	5 7 19 21 42 5 11	FPV077653	£17,029,645 Rolled
Friday 1st August, 2014	24 44 46 48 50 5 10	DPN998170	£11,977,500 Rolled
Tuesday 29th July, 2014	10 23 35 40 43 3 9	CPG136976	£29,815,964
Friday 25th July, 2014	9 10 12 24 43 5 9	BNX573629	£24,470,875 Rolled
Tuesday 22nd July, 2014	1 24 43 45 50 5 8	ZNW180921	£16,916,606 Rolled
Friday 18th July, 2014	1 11 29 41 43 3 11	XNC905757	£11,878,500 Rolled
Tuesday 15th July, 2014	15 18 20 27 34 1 3	XNK199625	£53,758,144
Friday 11th July, 2014	5 22 35 38 49 4 7	QLN724892	£47,789,038 Rolled
Tuesday 8th July, 2014	8 18 22 24 27 4 11	VMS744043	£39,193,498 Rolled
Friday 4th July, 2014	4 18 39 43 47 2 6	SMB214022	£33,347,512 Rolled
Tuesday 1st July, 2014	18 22 25 27 39 5 10	SLZ967275	£25,344,616 Rolled
Friday 27th June, 2014	31 33 34 39 45 2 10	QLM446728	£19,914,711 Rolled
Tuesday 24th June, 2014	1 7 20 21 48 4 7	QLQ189086	£12,021,000 Rolled
Friday 20th June, 2014	5 15 25 38 49 1 2	NLB243163	£19,964,918
Tuesday 17th June, 2014	11 13 37 40 48 8 9	NKY206648	£11,983,500 Rolled
Friday 13th June, 2014	16 18 22 28 46 9 11	MKX532718	£109,589,905
Tuesday 10th June, 2014	12 18 21 32 33 1 11	LKB074440	£95,933,457 Rolled
Friday 6th June, 2014	7 25 34 40 49 9 11	KJM475442	£86,858,395 Rolled
Tuesday 3rd June, 2014	2 15 32 39 44 5 10	JHS710156	£72,437,363 Rolled
Friday 30th May, 2014	5 24 27 41 45 6 7	HHR574198	£64,246,871 Rolled
Tuesday 27th May, 2014	7 13 16 25 26 1 6	GHG710456	£54,445,724 Rolled
Friday 23rd May, 2014	3 8 31 34 47 9 11	FGX880402	£48,094,706 Rolled
Tuesday 20th May, 2014	5 33 36 38 47 4 9	DGM599559	£39,669,453 Rolled
Friday 16th May, 2014	23 26 29 37 40 3 4	CGF144036	£33,974,182 Rolled
Tuesday 13th May, 2014	4 13 30 34 47 2 6	BFY309887	£25,746,571 Rolled
Friday 9th May, 2014	3 21 26 28 45 7 10	XDZ584385	£20,214,823 Rolled
Tuesday 6th May, 2014	5 19 24 31 37 1 9	YFP510180	£12,321,000 Rolled
Friday 2nd May, 2014	4 30 31 38 42 2 11	VDP250121	£73,205,660
Tuesday 29th April, 2014	18 23 26 35 44 3 11	WDY323192	£62,955,401 Rolled
Friday 25th April, 2014	13 21 24 44 49 1 9	VDK003158	£56,005,506 Rolled
Tuesday 22nd April, 2014	13 15 20 24 46 1 8	TDF022154	£46,672,601 Rolled
Friday 18th April, 2014	21 24 31 39 47 3 7	SCW650784	£40,962,533 Rolled
Tuesday 15th April, 2014	3 14 26 47 50 7 11	RCQ422826	£32,625,427 Rolled
Friday 11th April, 2014	8 12 19 30 33 4 11	JZR508877	£26,905,670 Rolled
Tuesday 8th April, 2014	11 18 29 42 49 4 11	PCC396384	£17,853,605 Rolled
Friday 4th April, 2014	6 10 28 45 50 10 11	NBW113280	£12,415,500 Rolled
Tuesday 1st April, 2014	16 18 26 38 44 8 10	MBN384155	£12,457,500
Friday 28th March, 2014	3 4 19 28 43 3 7	LBJ742888	£20,942,416
Tuesday 25th March, 2014	7 20 26 28 50 2 8	JZQ328601	£12,549,000 Rolled
Friday 21st March, 2014	7 30 37 39 42 5 7	JZP613277	£21,325,022
Tuesday 18th March, 2014	8 27 34 36 39 5 10	HZP388021	£12,603,000 Rolled
Friday 14th March, 2014	6 24 25 27 30 5 9	GZC455768	£107,932,603
Tuesday 11th March, 2014	1 4 23 33 44 7 8	FYR837497	£93,707,468 Rolled
Friday 7th March, 2014	5 10 38 40 41 1 8	CXW334054	£82,990,000 Rolled
Tuesday 4th March, 2014	3 5 22 27 44 1 6	CXW781222	£12,375,000 Rolled
Friday 28th February, 2014	12 32 38 43 44 2 7	BXP474879	£35,072,863
Tuesday 25th February, 2014	21 25 28 35 42 4 6	ZXJ180326	£26,289,565 Rolled
Friday 21st February, 2014	13 17 28 30 32 5 7	YWZ446529	£20,630,644 Rolled
Tuesday 18th February, 2014	23 26 36 37 49 6 7	XWV082694	£12,378,000 Rolled
Friday 14th February, 2014	2 4 6 19 39 2 7	PTX668934	£20,927,566
Tuesday 11th February, 2014	8 17 25 41 47 1 2	VWJ984444	£12,445,500 Rolled
Friday 7th February, 2014	3 17 19 46 47 9 10	TVZ813308	£21,037,161
Tuesday 4th February, 2014	1 21 33 37 38 4 8	SVV404817	£12,433,500 Rolled
Friday 31st January, 2014	8 10 15 16 31 8 9	QVG418871	£59,249,234
Tuesday 28th January, 2014	18 20 23 42 48 2 9	QVG792053	£49,446,896 Rolled
Friday 24th January, 2014	5 19 34 35 41 1 5	PTY086372	£43,002,299 Rolled
Tuesday 21st January, 2014	4 12 35 42 48 5 8	NTT869875	£33,466,125 Rolled
Friday 17th January, 2014	19 26 32 33 42 4 10	MTL833773	£27,266,155 Rolled
Tuesday 14th January, 2014	18 20 25 26 37 10 11	LTG855433	£18,577,883 Rolled
Friday 10th January, 2014	1 2 11 27 29 1 10	JSJ205174	£12,453,000 Rolled
Tuesday 7th January, 2014	2 20 27 33 45 6 10	JSN066958	£108,247,799
Friday 3rd January, 2014	3 27 31 38 44 3 8	GRM543141	£96,289,141 Rolled
Tuesday 31st December, 2013	13 20 24 29 45 3 7	DQR622154	£83,850,382 Rolled
Friday 27th December, 2013	1 6 13 22 28 5 10	FRF710292	£72,089,654 Rolled
Tuesday 24th December, 2013	5 19 31 43 50 2 6	DQQ542482	£62,469,261 Rolled
Friday 20th December, 2013	12 13 17 22 43 3 10	CQM347424	£53,875,274 Rolled
Tuesday 17th December, 2013	6 8 27 37 41 7 10	BQB549509	£44,362,413 Rolled
Friday 13th December, 2013	1 22 23 24 31 6 11	ZPX644150	£37,664,283 Rolled
Tuesday 10th December, 2013	6 24 35 49 50 1 7	YPQ313446	£26,551,498 Rolled
Friday 6th December, 2013	1 2 18 31 36 7 10	VNW159747	£20,874,773 Rolled
Tuesday 3rd December, 2013	6 13 15 29 32 2 9	WPD186582	£12,445,500 Rolled
Friday 29th November, 2013	2 7 10 23 43 4 7	RNC756645	£12,429,000
Tuesday 26th November, 2013	19 23 27 42 44 3 5	TNS586481	£26,863,588
Friday 22nd November, 2013	13 25 26 40 50 8 9	MLX454192	£21,186,645 Rolled
Tuesday 19th November, 2013	14 15 19 36 45 1 10	RNF941546	£12,606,000 Rolled
Friday 15th November, 2013	3 13 15 29 42 1 4	QMY376365	£83,830,000
Tuesday 12th November, 2013	14 29 37 40 48 2 11	PMK200690	£12,682,500 Rolled
Friday 8th November, 2013	20 28 35 42 43 8 10	NMH531393	£12,510,000
Tuesday 5th November, 2013	6 12 13 35 38 2 3	MLX469412	£18,107,224
Friday 1st November, 2013	7 19 29 30 33 3 8	LLV733803	£12,709,500 Rolled
Tuesday 29th October, 2013	9 10 30 32 37 2 6	KLM669739	£12,856,500
Friday 25th October, 2013	2 3 10 31 38 6 10	JLF031078	£27,080,608
Tuesday 22nd October, 2013	29 33 39 41 44 9 11	HKZ819144	£18,308,847 Rolled
Friday 18th October, 2013	5 25 36 46 47 2 6	GKV825997	£12,711,000 Rolled
Tuesday 15th October, 2013	18 27 39 43 47 4 7	FKP944914	£43,086,063
Friday 11th October, 2013	6 12 17 23 43 5 9	DKK657750	£36,840,020 Rolled
Tuesday 8th October, 2013	23 24 26 33 42 3 5	CJY669878	£27,440,665 Rolled
Friday 4th October, 2013	6 20 24 35 50 5 10	BJY178234	£21,498,731 Rolled
Tuesday 1st October, 2013	19 23 25 44 48 8 9	ZJM463730	£12,544,500 Rolled
Friday 27th September, 2013	11 15 38 41 43 2 6	YJD693620	£55,193,986
Tuesday 24th September, 2013	10 20 26 28 43 9 11	XJB103152	£45,405,876 Rolled
Friday 20th September, 2013	5 11 35 38 45 2 3	WHP818452	£38,960,567 Rolled
Tuesday 17th September, 2013	13 17 21 42 44 9 11	VHJ191925	£29,412,765 Rolled
Friday 13th September, 2013	4 6 14 27 33 5 10	TGZ545320	£23,253,808 Rolled
Tuesday 10th September, 2013	7 11 14 28 30 2 10	MFG344685	£12,666,000 Rolled
Friday 6th September, 2013	11 23 25 32 37 4 7	RGL908853	£21,603,767
Tuesday 3rd September, 2013	5 9 16 18 42 7 9	QGK509937	£12,709,500 Rolled
Friday 30th August, 2013	2 17 25 36 45 5 9	PFX349818	£21,885,637
Tuesday 27th August, 2013	7 30 38 40 43 2 6	NFV150144	£12,931,500 Rolled
Friday 23rd August, 2013	1 6 26 30 37 5 8	MFQ213183	£80,738,985
Tuesday 20th August, 2013	5 11 42 49 50 8 11	LDX109638	£68,593,880 Rolled
Friday 16th August, 2013	20 24 27 37 39 5 10	KDS380825	£60,621,367 Rolled
Tuesday 13th August, 2013	5 17 20 47 50 1 4	JDD298799	£51,018,937 Rolled
Friday 9th August, 2013	4 7 9 23 24 8 9	HCS880262	£44,134,518 Rolled
Tuesday 6th August, 2013	16 17 31 47 49 3 11	FCD664958	£34,673,271 Rolled
Friday 2nd August, 2013	21 36 37 42 48 4 7	DBX111992	£28,309,281 Rolled
Tuesday 30th July, 2013	3 4 11 14 43 1 6	DBX643613	£19,184,610 Rolled
Friday 26th July, 2013	12 23 29 38 49 3 4	BZP075678	£13,081,162 Rolled
Tuesday 23rd July, 2013	14 15 16 19 44 4 5	BZP849967	£12,907,500
Friday 19th July, 2013	13 16 24 26 35 2 5	WYL246151	£12,925,500
Tuesday 16th July, 2013	19 23 34 47 50 4 6	YZD511619	£19,201,363
Friday 12th July, 2013	18 26 32 33 42 2 3	XYY448910	£12,987,000 Rolled
Tuesday 9th July, 2013	16 18 31 38 49 4 10	WYM422212	£28,847,237
Friday 5th July, 2013	4 12 15 28 33 1 10	VYF058635	£22,417,687 Rolled
Tuesday 2nd July, 2013	11 13 14 28 30 4 5	TXX174354	£12,844,500 Rolled
Friday 28th June, 2013	1 15 28 35 47 1 7	SXP713248	£12,843,000
Tuesday 25th June, 2013	4 5 13 27 35 1 2	RWR658214	£159,559,034
Friday 21st June, 2013	10 11 30 36 45 1 2	QVS068423	£143,627,629 Rolled
Tuesday 18th June, 2013	17 24 33 41 44 1 11	PTY033986	£125,775,679 Rolled
Friday 14th June, 2013	10 25 41 47 48 6 10	NTD172674	£111,780,731 Rolled
Tuesday 11th June, 2013	5 7 9 25 41 1 5	MSV382732	£96,181,290 Rolled
Friday 7th June, 2013	7 14 26 45 50 2 7	LSH166797	£85,130,000 Rolled
Tuesday 4th June, 2013	31 33 34 37 40 1 6	KRT385377	£19,080,295 Rolled
Friday 31st May, 2013	27 28 29 34 43 5 10	JRG437445	£12,841,500 Rolled
Tuesday 28th May, 2013	8 13 26 34 38 3 11	HQV945748	£81,381,673
Friday 24th May, 2013	7 17 22 27 40 2 3	GQV057296	£73,074,352 Rolled
Tuesday 21st May, 2013	7 8 19 28 29 5 9	FQJ291630	£61,122,965 Rolled
Friday 17th May, 2013	6 20 24 25 50 9 10	VMT980499	£53,520,165 Rolled
Tuesday 14th May, 2013	7 8 24 27 36 5 11	CPP279735	£43,382,876 Rolled
Friday 10th May, 2013	1 32 35 45 48 4 11	BPB881933	£36,503,084 Rolled
Tuesday 7th May, 2013	13 27 28 42 43 4 6	ZNZ330955	£27,337,587 Rolled
Friday 3rd May, 2013	3 5 34 40 49 2 3	XNH955633	£21,355,336 Rolled
Tuesday 30th April, 2013	13 36 40 43 50 5 9	XNM416939	£12,727,500 Rolled
Friday 26th April, 2013	11 16 24 38 40 2 5	VMV563125	£27,335,676
Tuesday 23rd April, 2013	1 4 7 10 50 4 11	VMS725260	£18,557,707 Rolled
Friday 19th April, 2013	1 8 42 46 48 4 7	SMF223129	£12,874,500 Rolled
Tuesday 16th April, 2013	1 11 22 33 50 4 6	SMJ873006	£12,879,000
Friday 12th April, 2013	5 10 15 28 45 3 9	LJT398744	£22,422,511
Tuesday 9th April, 2013	15 35 38 44 48 5 10	PLK071629	£12,825,000 Rolled
Friday 5th April, 2013	1 11 17 32 39 2 7	KJJ108316	£22,536,828
Tuesday 2nd April, 2013	12 17 25 29 41 1 4	NLB309866	£12,741,000 Rolled
Friday 29th March, 2013	13 30 43 44 46 5 9	MKY294628	£112,017,541
Tuesday 26th March, 2013	4 26 30 42 44 6 11	LJR996877	£96,302,211 Rolled
Friday 22nd March, 2013	12 27 32 34 49 8 9	KJN139799	£85,330,000 Rolled
Tuesday 19th March, 2013	19 32 35 37 44 1 9	JHR283407	£18,770,152 Rolled
Friday 15th March, 2013	4 14 21 24 39 3 10	HHN373068	£12,997,500 Rolled
Tuesday 12th March, 2013	2 4 10 22 50 5 8	GHH571458	£13,135,500
Friday 8th March, 2013	3 20 23 28 42 8 11	FHC596580	£45,058,160
Tuesday 5th March, 2013	8 19 31 33 39 2 7	DGT680594	£34,631,815 Rolled
Friday 1st March, 2013	1 11 29 36 42 4 5	CGG941450	£28,372,232 Rolled
Tuesday 26th February, 2013	3 12 13 17 30 2 6	BGF146517	£18,874,481 Rolled
Friday 22nd February, 2013	15 16 28 36 37 2 11	ZFT249508	£12,981,000 Rolled
Tuesday 19th February, 2013	12 15 28 30 44 8 9	YFM003318	£52,357,563
Friday 15th February, 2013	2 4 22 28 42 4 9	XDZ942893	£44,855,571 Rolled
Tuesday 12th February, 2013	5 11 16 25 28 7 9	WDV765087	£34,628,142 Rolled
Friday 8th February, 2013	9 11 14 34 44 10 11	VDN561660	£27,886,637 Rolled
Tuesday 5th February, 2013	6 25 31 40 45 6 7	TDK919076	£19,070,109 Rolled
Friday 1st February, 2013	5 21 34 37 38 1 6	SCX905163	£13,063,500 Rolled
Tuesday 29th January, 2013	9 16 26 36 39 2 6	RCT102153	£12,862,500
Friday 25th January, 2013	3 10 18 31 37 2 4	QCM991417	£37,772,357
Tuesday 22nd January, 2013	1 10 44 45 48 1 4	NBV801959	£27,777,897 Rolled
Friday 18th January, 2013	4 26 27 30 39 3 10	NBX768404	£21,672,986 Rolled
Tuesday 15th January, 2013	22 38 40 42 47 1 11	MBT138027	£12,441,000 Rolled
Friday 11th January, 2013	4 22 29 37 41 4 7	LBG257565	£28,307,149
Tuesday 8th January, 2013	2 20 22 26 47 5 9	KZZ838323	£18,341,712 Rolled
Friday 4th January, 2013	4 10 22 27 41 8 10	JZT843255	£12,216,000 Rolled
Tuesday 1st January, 2013	2 7 8 36 49 1 11	GYS592682	£30,730,347
Friday 28th December, 2012	17 24 26 27 49 3 5	GYT455882	£21,875,652 Rolled
Tuesday 25th December, 2012	14 18 20 23 32 3 10	DWX602077	£12,322,500 Rolled
Friday 21st December, 2012	3 5 22 40 42 3 10	DXK824154	£83,087,699
Tuesday 18th December, 2012	14 18 20 35 44 2 5	CWS208075	£70,070,413 Rolled
Friday 14th December, 2012	10 11 29 40 43 3 11	BWH661079	£62,293,153 Rolled
Tuesday 11th December, 2012	1 4 9 43 50 6 8	ZVX850594	£51,106,703 Rolled
Friday 7th December, 2012	10 16 18 31 42 2 5	YVM625645	£44,054,164 Rolled
Tuesday 4th December, 2012	5 10 28 29 44 2 4	XVJ551994	£34,505,412 Rolled
Friday 30th November, 2012	10 18 23 24 40 3 4	WTW840145	£27,864,810 Rolled
Tuesday 27th November, 2012	6 10 23 44 49 1 7	VTR982942	£18,165,905 Rolled
Friday 23rd November, 2012	1 9 11 20 40 1 5	TTM389773	£12,147,000 Rolled
Tuesday 20th November, 2012	28 30 42 45 49 5 10	SSY424299	£18,330,737
Friday 16th November, 2012	10 15 19 23 41 2 9	RSV803743	£12,039,000 Rolled
Tuesday 13th November, 2012	11 16 21 24 29 2 6	QSD960094	£136,124,363
Friday 9th November, 2012	14 21 22 28 47 4 5	PRL293442	£122,416,477 Rolled
Tuesday 6th November, 2012	7 20 25 35 41 1 9	NQX022541	£106,443,387 Rolled
Friday 2nd November, 2012	3 6 10 11 44 3 4	MQD217944	£95,574,746 Rolled
Tuesday 30th October, 2012	23 24 25 31 44 2 3	LPL345434	£82,777,654 Rolled
Friday 26th October, 2012	5 6 9 27 38 5 11	KPC796022	£73,585,548 Rolled
Tuesday 23rd October, 2012	1 28 35 38 50 2 10	JNR203014	£62,668,378 Rolled
Friday 19th October, 2012	16 29 37 40 44 8 10	HNK015233	£55,297,557 Rolled
Tuesday 16th October, 2012	10 32 40 41 49 2 8	GMT002729	£44,407,071 Rolled
Friday 12th October, 2012	6 7 17 35 43 2 8	FML962134	£37,648,529 Rolled
Tuesday 9th October, 2012	2 8 10 23 25 8 9	DMG283601	£27,768,213 Rolled
Friday 5th October, 2012	9 16 18 19 21 2 3	CLS893716	£21,701,658 Rolled
Tuesday 2nd October, 2012	4 16 21 36 42 7 8	BLM670766	£12,015,000 Rolled
Friday 28th September, 2012	20 23 26 30 33 6 9	ZLJ501773	£79,750,000
Tuesday 25th September, 2012	7 25 27 48 49 1 4	YKL907199	£27,120,727 Rolled
Friday 21st September, 2012	4 19 34 41 43 7 11	XKH350714	£21,218,945 Rolled
Tuesday 18th September, 2012	6 7 38 39 44 7 9	WJW891363	£12,058,500 Rolled
Friday 14th September, 2012	3 10 23 27 44 7 9	VJN265623	£21,511,885
Tuesday 11th September, 2012	6 15 22 37 44 2 4	TJH389116	£12,016,500 Rolled
Friday 7th September, 2012	13 15 30 35 42 4 6	SHY258723	£37,827,315
Tuesday 4th September, 2012	11 17 18 39 44 5 10	RHP042184	£27,605,924 Rolled
Friday 31st August, 2012	16 28 31 33 48 7 11	QHJ184396	£21,380,703 Rolled
Tuesday 28th August, 2012	1 18 25 26 44 4 5	PHD207389	£11,914,500 Rolled
Friday 24th August, 2012	5 6 12 19 37 3 7	MGG862836	£37,709,047
Tuesday 21st August, 2012	4 5 17 38 48 3 4	MGM115248	£27,638,401 Rolled
Friday 17th August, 2012	19 25 28 33 44 2 8	LGC446433	£21,173,767 Rolled
Tuesday 14th August, 2012	1 16 38 42 45 9 10	KFT691325	£11,805,000 Rolled
Friday 10th August, 2012	11 17 21 48 50 9 10	JDW016965	£148,656,000
Tuesday 7th August, 2012	20 27 34 46 50 2 3	HDH137638	£151,012,000 Rolled
Friday 3rd August, 2012	24 34 35 42 46 1 5	GCR760097	£142,677,285 Rolled
Tuesday 31st July, 2012	4 29 35 36 39 8 9	DYM188102	£123,419,567 Rolled
Friday 27th July, 2012	14 15 21 23 48 2 10	BXD394843	£110,973,507 Rolled
Tuesday 24th July, 2012	4 16 18 25 44 1 11	CXV938757	£87,418,315 Rolled
Friday 20th July, 2012	10 19 23 45 49 9 10	BWY238580	£79,035,843 Rolled
Tuesday 17th July, 2012	2 7 24 43 46 8 10	ZWT075556	£67,543,388 Rolled
Friday 13th July, 2012	8 18 25 35 46 4 9	YWH529412	£60,323,858 Rolled
Tuesday 10th July, 2012	1 3 16 24 37 1 8	XVX189298	£48,445,181 Rolled
Friday 6th July, 2012	31 32 38 40 42 1 3	WVN249573	£42,076,911 Rolled
Tuesday 3rd July, 2012	2 7 22 27 40 3 6	VVH223501	£32,812,559 Rolled
Friday 29th June, 2012	14 17 28 29 39 1 11	STQ827960	£26,900,432 Rolled
Tuesday 26th June, 2012	1 11 20 22 35 8 10	STT419296	£17,516,871 Rolled
Friday 22nd June, 2012	14 18 19 43 49 3 7	RTJ822401	£12,117,000 Rolled
Tuesday 19th June, 2012	7 17 20 35 50 5 11	QTF162967	£12,109,500
Friday 15th June, 2012	10 22 27 38 48 3 7	PSY036130	£21,629,100
Tuesday 12th June, 2012	8 15 26 30 48 9 10	LRL643710	£12,043,500 Rolled
Friday 8th June, 2012	5 11 22 34 40 9 11	MSH095096	£127,675,087
Tuesday 5th June, 2012	13 34 37 47 49 8 9	LRM555207	£109,315,762 Rolled
Friday 1st June, 2012	2 4 14 26 36 9 10	KQZ010341	£97,123,444 Rolled
Tuesday 29th May, 2012	8 15 17 25 28 3 11	JPX774504	£80,806,756 Rolled
Friday 25th May, 2012	12 22 35 46 49 2 8	HPN691110	£71,823,678 Rolled
Tuesday 22nd May, 2012	16 31 32 37 41 1 7	GPC087739	£60,290,704 Rolled
Friday 18th May, 2012	13 29 43 47 50 9 11	DNG310311	£53,068,969 Rolled
Tuesday 15th May, 2012	2 11 13 26 50 2 5	DNB598158	£41,232,245 Rolled
Friday 11th May, 2012	1 13 17 38 44 2 11	CMS978848	£35,495,169 Rolled
Tuesday 8th May, 2012	3 21 34 38 48 5 8	BMQ382027	£26,250,991 Rolled
Friday 4th May, 2012	3 26 39 40 41 1 2	ZML174955	£21,084,008 Rolled
Tuesday 1st May, 2012	4 5 15 19 41 9 11	YMB515287	£12,258,000 Rolled
Friday 27th April, 2012	20 27 30 36 43 1 6	XLX372244	£36,231,900
Tuesday 24th April, 2012	8 9 24 43 48 3 5	WLP806989	£26,895,374 Rolled
Friday 20th April, 2012	3 6 29 32 41 10 11	VLF874510	£21,345,735 Rolled
Tuesday 17th April, 2012	10 28 33 48 49 1 10	TKY310787	£12,369,000 Rolled
Friday 13th April, 2012	8 13 26 39 43 3 5	SKQ582339	£44,408,417
Tuesday 10th April, 2012	22 25 27 36 37 5 9	RKM088083	£32,603,075 Rolled
Friday 6th April, 2012	11 20 30 35 45 2 3	QJY725043	£27,033,455 Rolled
Tuesday 3rd April, 2012	1 8 18 25 30 9 10	PJT655571	£18,087,550 Rolled
Friday 30th March, 2012	4 17 23 36 46 6 10	NJQ999617	£12,522,000 Rolled
Tuesday 27th March, 2012	24 27 29 34 36 7 8	FGL789613	£12,555,000
Friday 23rd March, 2012	9 15 23 31 50 8 11	LHZ360128	£21,827,112
Tuesday 20th March, 2012	15 16 28 30 46 3 4	KHR702062	£12,508,500 Rolled
Friday 16th March, 2012	3 4 12 23 50 4 7	JHH770251	£38,034,640
Tuesday 13th March, 2012	1 10 25 43 47 8 9	HHD825518	£28,201,173 Rolled
Friday 9th March, 2012	3 32 36 39 47 6 9	GGT821661	£22,200,501 Rolled
Tuesday 6th March, 2012	23 24 27 37 47 2 6	CFV562568	£12,000,000 Rolled
Friday 2nd March, 2012	5 6 11 30 44 2 6	DGD218934	£22,198,233
Tuesday 28th February, 2012	1 10 17 33 48 2 3	CFZ093351	£12,720,000 Rolled
Friday 24th February, 2012	3 7 12 26 34 8 10	BFM800968	£46,432,285
Tuesday 21st February, 2012	11 14 24 25 29 7 11	ZFH442227	£35,110,192 Rolled
Friday 17th February, 2012	4 11 28 38 47 10 11	YDZ413488	£28,527,269 Rolled
Tuesday 14th February, 2012	14 27 36 42 46 8 11	XDP745634	£18,731,949 Rolled
Friday 10th February, 2012	3 8 14 31 41 7 11	WDG867973	£12,565,500 Rolled
Tuesday 7th February, 2012	3 15 17 28 33 2 4	VCW368117	£45,160,172
Friday 3rd February, 2012	16 19 20 25 28 1 10	TCW004908	£38,388,399 Rolled
Tuesday 31st January, 2012	9 34 38 43 45 2 4	SCJ109157	£28,074,424 Rolled
Friday 27th January, 2012	10 13 19 39 44 2 6	RCB782632	£22,380,458 Rolled
Tuesday 24th January, 2012	1 2 6 20 36 8 11	MZX427758	£12,000,000 Rolled
Friday 20th January, 2012	2 10 22 27 28 6 8	PBR607068	£40,627,241
Tuesday 17th January, 2012	12 22 30 31 44 5 6	NBJ899770	£30,343,120 Rolled
Friday 13th January, 2012	13 14 21 27 39 6 8	MBD404325	£24,189,679 Rolled
Tuesday 10th January, 2012	4 9 10 30 40 2 9	LZT634986	£12,394,500 Rolled
Friday 6th January, 2012	1 6 10 12 31 2 7	CXD737171	£60,355,246
Tuesday 3rd January, 2012	3 30 42 45 49 5 10	JZD045205	£50,010,872 Rolled
Friday 30th December, 2011	16 36 43 44 50 7 8	HYT570956	£43,303,615 Rolled
Tuesday 27th December, 2011	19 21 25 26 44 3 7	GYQ687511	£31,879,970 Rolled
Friday 23rd December, 2011	7 21 22 24 28 1 11	DXM829056	£25,852,188 Rolled
Tuesday 20th December, 2011	1 9 12 14 48 1 7	DXR542785	£12,549,000 Rolled
Friday 16th December, 2011	2 5 10 23 31 2 5	CXF812504	£39,175,449
Tuesday 13th December, 2011	7 12 18 33 37 1 11	BWY129903	£28,908,882 Rolled
Friday 9th December, 2011	12 21 29 44 47 1 2	ZWV447087	£22,918,879 Rolled
Tuesday 6th December, 2011	19 20 21 34 38 3 9	YWM890606	£12,904,500 Rolled
Friday 2nd December, 2011	7 27 30 40 43 8 9	XVZ459004	£23,341,756
Tuesday 29th November, 2011	11 25 41 45 50 2 7	WVW309553	£12,825,000 Rolled
Friday 25th November, 2011	14 19 26 28 34 5 8	QTK867932	£30,126,040
Tuesday 22nd November, 2011	16 18 24 38 40 2 4	TVC776259	£18,941,023 Rolled
Friday 18th November, 2011	4 12 24 39 44 2 4	SVB075386	£12,850,500 Rolled
Tuesday 15th November, 2011	6 17 22 45 47 3 11	RTS334636	£12,817,500
Friday 11th November, 2011	1 4 18 23 30 3 7	QTK931971	£58,162,735
Tuesday 8th November, 2011	1 4 15 29 40 1 5	PTD894682	£46,793,457 Rolled
Friday 4th November, 2011	11 14 41 43 50 2 9	NSX597128	£39,862,087 Rolled
Tuesday 1st November, 2011	14 20 23 45 46 1 11	MSQ833431	£28,991,611 Rolled
Friday 28th October, 2011	16 17 20 39 50 4 8	LSD065773	£23,734,845 Rolled
Tuesday 25th October, 2011	12 22 27 28 39 4 10	KRZ816962	£13,059,000 Rolled
Friday 21st October, 2011	2 19 33 37 46 5 8	JRW089330	£41,682,028
Tuesday 18th October, 2011	18 23 37 46 48 2 10	HRM580326	£30,927,684 Rolled
Friday 14th October, 2011	12 23 29 32 47 3 5	GRG285911	£24,130,874 Rolled
Tuesday 11th October, 2011	1 4 12 16 48 9 10	FQY131310	£13,152,000 Rolled
Friday 7th October, 2011	18 26 34 38 42 5 8	DQJ905449	£101,203,601
Tuesday 4th October, 2011	14 16 23 38 45 8 11	BPH373751	£86,290,000 Rolled
Friday 30th September, 2011	5 15 28 31 44 1 6	BPM772053	£41,738,266
Tuesday 27th September, 2011	18 27 28 35 40 3 5	ZPG353173	£30,913,743 Rolled
Friday 23rd September, 2011	6 14 33 34 48 2 6	YNW700364	£23,961,854 Rolled
Tuesday 20th September, 2011	9 19 25 36 38 7 11	XNL886448	£13,039,500 Rolled
Friday 16th September, 2011	2 8 17 39 42 3 10	WNH125147	£13,108,500
Tuesday 13th September, 2011	9 28 30 32 49 9 10	VMZ049534	£140,822,522
Friday 9th September, 2011	5 21 28 31 34 1 2	TMD005666	£126,867,263 Rolled
Tuesday 6th September, 2011	35 42 47 48 50 8 9	SLW245268	£111,920,466 Rolled
Friday 2nd September, 2011	12 26 37 38 44 4 7	RLG667879	£101,404,135 Rolled
Tuesday 30th August, 2011	2 8 10 19 46 5 9	QKQ598229	£87,376,837 Rolled
Friday 26th August, 2011	12 22 25 33 45 5 7	PKD576977	£78,976,312 Rolled
Tuesday 23rd August, 2011	4 6 14 42 50 2 4	NJZ349395	£65,488,523 Rolled
Friday 19th August, 2011	6 14 16 28 31 2 11	MJR532763	£58,085,462 Rolled
Tuesday 16th August, 2011	1 13 17 18 45 3 8	LJJ683472	£47,058,914 Rolled
Friday 12th August, 2011	7 10 20 27 37 4 7	KHY317790	£40,675,287 Rolled
Tuesday 9th August, 2011	7 23 24 34 36 8 11	JHV812574	£30,055,771 Rolled
Friday 5th August, 2011	13 14 18 32 34 1 10	HHQ879207	£23,440,309 Rolled
Tuesday 2nd August, 2011	5 8 14 24 33 3 8	GHJ297629	£13,080,000 Rolled
Friday 29th July, 2011	12 19 27 37 38 5 10	FGW580868	£23,933,989
Tuesday 26th July, 2011	1 5 22 25 48 3 11	DGQ326783	£13,272,000 Rolled
Friday 22nd July, 2011	4 15 23 49 50 2 6	CGK166662	£13,225,500
Tuesday 19th July, 2011	3 16 25 26 35 5 9	BGG547638	£20,319,793
Friday 15th July, 2011	6 26 33 34 39 3 4	ZFS010345	£13,173,000 Rolled
Tuesday 12th July, 2011	17 19 38 42 45 9 10	YFH800066	£161,653,000
Friday 8th July, 2011	12 13 23 40 49 7 10	XCG785254	£164,761,000 Rolled
Tuesday 5th July, 2011	11 28 29 47 49 1 5	WCC967616	£159,008,879 Rolled
Friday 1st July, 2011	8 11 23 31 46 8 9	VBC888886	£141,820,902 Rolled
Tuesday 28th June, 2011	15 16 30 44 50 2 3	TYV476608	£120,687,895 Rolled
Friday 24th June, 2011	5 16 20 30 41 6 11	SYD806842	£107,428,374 Rolled
Tuesday 21st June, 2011	17 20 35 49 50 3 4	RXP380296	£91,693,456 Rolled
Friday 17th June, 2011	11 16 21 22 44 3 8	QXK147291	£82,001,875 Rolled
Tuesday 14th June, 2011	5 12 19 41 48 8 10	PWV814526	£68,132,630 Rolled
Friday 10th June, 2011	3 19 20 37 48 8 11	NWN026370	£60,872,491 Rolled
Tuesday 7th June, 2011	6 25 36 38 40 4 10	MVY348186	£48,962,688 Rolled
Friday 3rd June, 2011	4 39 40 49 50 2 5	LVV026736	£41,359,053 Rolled
Tuesday 31st May, 2011	1 9 10 22 50 5 11	KVP976829	£29,730,067 Rolled
Friday 27th May, 2011	9 17 25 28 49 8 9	JVD327912	£23,752,200 Rolled
Tuesday 24th May, 2011	16 23 24 26 29 2 9	HVC122724	£13,102,500 Rolled
Friday 20th May, 2011	10 14 20 25 42 8 11	GTS683610	£24,115,451
Tuesday 17th May, 2011	20 21 37 45 46 2 3	FTN319292	£13,143,000 Rolled
Friday 13th May, 2011	9 11 17 36 47 1 2	DTF131793	£105,892,179
Tuesday 10th May, 2011	3 10 15 28 45 5 7	CSD668173	£88,200,000 Rolled
Friday 6th May, 2011	11 16 20 22 28 4 9	BRY233761	£25,227,296
Friday 29th April, 2011	15 25 38 40 41 1 2	ZRM068085	£13,335,000 Rolled
Friday 22nd April, 2011	11 22 36 45 48 1 4	YRH248029	£38,301,216
Friday 15th April, 2011	4 6 21 39 41 2 6	XQY372968	£25,974,202 Rolled
Friday 8th April, 2011	21 23 38 47 50 2 6	WQL674527	£13,275,000 Rolled
Friday 1st April, 2011	4 17 21 22 33 4 8	VQF823383	£13,269,000
Friday 25th March, 2011	6 12 21 27 33 3 7	SMY219076	£121,722,017
Friday 18th March, 2011	1 13 20 26 50 6 7	SNH689489	£94,101,577 Rolled
Friday 11th March, 2011	17 19 24 37 46 2 7	RMR880443	£71,628,834 Rolled
Friday 4th March, 2011	11 25 27 28 41 5 8	QMC446537	£53,278,317 Rolled
Friday 25th February, 2011	12 13 42 45 48 3 9	PLP112089	£37,687,076 Rolled
Friday 18th February, 2011	2 3 15 45 49 5 9	NKZ333918	£24,146,665 Rolled
Friday 11th February, 2011	12 14 15 19 23 7 8	MKP910712	£12,714,000 Rolled
Friday 4th February, 2011	2 11 24 35 47 5 9	LKG545863	£24,368,199
Friday 28th January, 2011	13 23 24 41 42 1 5	KKC651655	£12,940,500 Rolled
Friday 21st January, 2011	3 11 13 18 21 4 5	JJM978250	£24,708,723
Friday 14th January, 2011	2 14 24 39 44 6 7	FHG914404	£12,657,000 Rolled
Friday 7th January, 2011	1 22 32 48 50 6 7	GHY504990	£12,487,500
Friday 31st December, 2010	2 24 34 38 43 1 7	FHR821795	£13,178,614
Friday 24th December, 2010	19 36 38 42 46 2 8	BFM398783	£16,301,884
Friday 17th December, 2010	3 20 29 35 42 3 8	CFW607118	£37,234,742
Friday 10th December, 2010	2 3 10 33 46 7 8	BFN018710	£24,100,215 Rolled
Friday 3rd December, 2010	8 19 28 32 46 4 7	ZFG479495	£12,748,500 Rolled
Friday 26th November, 2010	9 28 36 41 49 5 7	YDW375243	£38,556,253
Friday 19th November, 2010	12 15 32 36 45 7 9	VBZ907634	£25,874,272 Rolled
Friday 12th November, 2010	7 19 23 29 47 1 6	SBG533371	£13,716,650 Rolled
Friday 5th November, 2010	21 23 33 40 50 4 5	VCF294849	£25,300,621
Friday 29th October, 2010	16 20 22 32 42 8 9	TBY718206	£13,024,500 Rolled
Friday 22nd October, 2010	4 5 9 11 39 3 5	SBH574759	£26,231,924
Friday 15th October, 2010	2 31 36 38 43 3 7	RZY355667	£13,152,000 Rolled
Friday 8th October, 2010	9 30 35 39 46 6 8	PXV227093	£113,019,926
Friday 1st October, 2010	1 4 6 27 48 1 6	PXY889884	£87,100,000 Rolled
Friday 24th September, 2010	1 4 16 40 48 1 9	NXS293772	£24,470,942
Friday 17th September, 2010	17 27 29 38 50 1 3	MXC088767	£12,558,000 Rolled
Friday 10th September, 2010	17 21 35 41 45 1 5	HVW107353	£12,454,500
Friday 3rd September, 2010	13 24 26 47 49 4 8	KWS437385	£12,543,000
Friday 27th August, 2010	1 6 13 30 49 1 9	JWK846684	£12,346,500
Friday 20th August, 2010	5 27 31 40 42 1 6	HWB103972	£12,202,500
Friday 13th August, 2010	4 9 15 21 47 2 7	GVN755226	£12,280,500
Friday 6th August, 2010	13 25 28 29 42 4 5	FVJ384492	£12,502,500
Friday 30th July, 2010	3 4 11 28 39 2 8	CTP063014	£23,414,853
Friday 23rd July, 2010	4 13 35 37 46 3 9	CTQ911477	£12,592,500 Rolled
Friday 16th July, 2010	38 39 45 46 49 7 8	BTC736269	£35,767,540
Friday 9th July, 2010	9 24 37 39 49 3 9	ZSW270497	£23,591,586 Rolled
Friday 2nd July, 2010	12 13 36 41 46 1 8	YSJ899058	£12,424,500 Rolled
Friday 25th June, 2010	1 8 18 28 31 8 9	XSJ216111	£23,090,988
Friday 18th June, 2010	2 29 31 32 38 1 4	WRY637536	£12,540,000 Rolled
Friday 11th June, 2010	2 22 24 36 44 1 2	VRK095315	£12,408,000
Friday 4th June, 2010	4 17 34 40 42 4 9	TRD388793	£12,442,500
Friday 28th May, 2010	4 9 31 32 33 3 7	SQR331307	£12,693,000
Friday 21st May, 2010	7 19 30 38 50 4 7	RQJ814562	£13,072,500
Friday 14th May, 2010	1 17 31 43 47 2 3	QPY542596	£84,451,321
Friday 7th May, 2010	3 6 15 21 32 7 9	PPD902486	£67,967,555 Rolled
Friday 30th April, 2010	6 22 24 25 36 3 8	NNR660847	£52,603,784 Rolled
Friday 23rd April, 2010	3 7 8 43 46 6 8	MNM306176	£38,064,784 Rolled
Friday 16th April, 2010	9 11 17 26 40 3 9	LNC129996	£25,378,348 Rolled
Friday 9th April, 2010	7 21 23 24 44 3 4	JMF902512	£13,177,500 Rolled
Friday 2nd April, 2010	12 18 24 26 45 4 5	JMG742049	£13,339,500
Friday 26th March, 2010	8 16 18 37 43 2 6	HLV958484	£39,754,555
Friday 19th March, 2010	10 28 30 38 39 2 7	GLS470078	£26,412,247 Rolled
Friday 12th March, 2010	1 26 33 36 46 6 7	FLG386026	£13,633,500 Rolled
Friday 5th March, 2010	12 18 19 43 49 3 9	DKR361644	£41,706,216
Friday 26th February, 2010	7 11 18 29 42 6 7	CKJ342229	£26,963,008 Rolled
Friday 19th February, 2010	12 31 37 38 43 2 3	BJV758658	£13,222,500 Rolled
Friday 12th February, 2010	1 5 18 38 45 4 6	ZHR111871	£112,016,226
Friday 5th February, 2010	34 35 38 39 46 3 4	WGC875346	£87,570,000 Rolled
Friday 29th January, 2010	9 17 30 39 43 5 7	XGP422767	£25,403,095
Friday 22nd January, 2010	4 22 27 36 44 7 9	WFY784128	£13,197,000 Rolled
Friday 15th January, 2010	11 26 29 49 50 4 7	VFP866401	£52,302,248
Friday 8th January, 2010	4 5 14 44 46 8 9	TFL266616	£38,666,984 Rolled
Friday 1st January, 2010	9 22 24 27 36 5 7	SDV403955	£25,315,385 Rolled
Friday 25th December, 2009	4 5 14 17 34 3 5	RDL990416	£13,590,000 Rolled
Friday 18th December, 2009	14 30 32 35 49 3 8	QDF124702	£52,883,496
Friday 11th December, 2009	20 41 43 44 46 2 9	PCX789361	£39,585,642 Rolled
Friday 4th December, 2009	18 19 25 30 44 1 3	NCQ170044	£26,301,056 Rolled
Friday 27th November, 2009	5 8 13 15 33 8 9	MCC168984	£13,660,500 Rolled
Friday 20th November, 2009	5 9 28 43 47 2 9	LBW818948	£13,536,000
Friday 13th November, 2009	13 15 25 26 32 3 4	KBF921587	£14,839,480
Friday 6th November, 2009	11 19 34 43 45 5 9		£91,141,671
Friday 30th October, 2009	9 33 35 38 40 2 6		£71,278,155 Rolled
Friday 23rd October, 2009	6 18 20 29 31 2 8		£55,868,893 Rolled
Friday 16th October, 2009	12 23 30 31 47 3 4		£40,391,228 Rolled
Friday 9th October, 2009	7 11 29 46 50 4 7		£27,066,647 Rolled
Friday 2nd October, 2009	22 23 24 29 44 1 5		£13,764,000 Rolled
Friday 25th September, 2009	6 17 18 21 34 3 9		£13,830,000
Friday 18th September, 2009	6 16 30 38 41 2 4		£90,740,000
Friday 11th September, 2009	12 15 35 42 43 4 6		£37,805,108 Rolled
Friday 4th September, 2009	6 9 20 38 39 3 9		£24,942,782 Rolled
Friday 28th August, 2009	8 36 37 41 49 5 7		£13,219,500 Rolled
Friday 21st August, 2009	4 7 16 31 42 3 5		£65,462,542
Friday 14th August, 2009	5 8 24 30 49 3 9		£49,372,566 Rolled
Friday 7th August, 2009	10 20 22 24 31 2 7		£35,727,239 Rolled
Friday 31st July, 2009	5 9 20 21 26 3 6		£23,957,846 Rolled
Friday 24th July, 2009	14 15 25 35 47 5 9		£13,008,000 Rolled
Friday 17th July, 2009	2 8 17 32 50 3 7		£49,802,092
Friday 10th July, 2009	6 16 20 42 46 1 6		£36,399,342 Rolled
Friday 3rd July, 2009	21 29 34 46 47 6 8		£24,056,336 Rolled
Friday 26th June, 2009	6 11 21 30 39 2 8		£12,787,500 Rolled
Friday 19th June, 2009	4 16 17 20 29 5 7		£12,853,500
Friday 12th June, 2009	6 14 16 34 50 4 6		£49,902,539
Friday 5th June, 2009	11 19 26 35 40 2 5		£37,574,774 Rolled
Friday 29th May, 2009	2 5 30 37 47 3 6		£24,953,014 Rolled
Friday 22nd May, 2009	4 13 14 33 43 1 6		£13,254,000 Rolled
Friday 15th May, 2009	8 18 19 20 42 5 9		£13,402,500
Friday 8th May, 2009	4 23 24 29 31 8 9		£113,229,891
Friday 1st May, 2009	5 19 31 38 47 3 5		£88,364,737 Rolled
Friday 24th April, 2009	4 14 21 24 41 5 8		£69,762,491 Rolled
Friday 17th April, 2009	4 7 21 44 47 1 5		£51,694,404 Rolled
Friday 10th April, 2009	9 14 16 37 46 2 4		£38,126,495 Rolled
Friday 3rd April, 2009	2 20 24 32 46 1 9		£25,879,558 Rolled
Friday 27th March, 2009	25 33 36 38 42 6 7		£14,082,000 Rolled
Friday 20th March, 2009	12 16 23 31 35 4 6		£28,047,380
Friday 13th March, 2009	12 24 26 36 42 1 4		£14,858,473 Rolled
Friday 6th March, 2009	13 17 19 25 35 5 6		£90,120,000
Friday 27th February, 2009	5 9 37 44 45 6 9		£38,191,683 Rolled
Friday 20th February, 2009	9 12 13 14 48 1 2		£25,094,625 Rolled
Friday 13th February, 2009	22 33 36 40 42 1 2		£13,461,000 Rolled
Friday 6th February, 2009	10 20 30 36 40 3 5		£13,126,500
Friday 30th January, 2009	4 29 34 35 46 5 8		£25,509,888
Friday 23rd January, 2009	32 33 36 40 49 2 8		£14,193,000 Rolled
Friday 16th January, 2009	3 17 22 49 50 3 6		£13,554,000
Friday 9th January, 2009	7 15 22 28 48 1 4		£50,993,587
Friday 2nd January, 2009	29 30 36 37 48 1 6		£38,731,512 Rolled
Friday 26th December, 2008	1 2 26 44 50 1 7		£25,725,186 Rolled
Friday 19th December, 2008	28 29 40 46 50 5 7		£14,019,000 Rolled
Friday 12th December, 2008	2 19 28 42 49 2 7		£13,447,500
Friday 5th December, 2008	4 8 21 35 45 5 8		£12,993,000
Friday 28th November, 2008	8 11 16 25 41 2 4		£23,209,583
Friday 21st November, 2008	9 14 21 49 50 3 8		£12,733,500 Rolled
Friday 14th November, 2008	8 10 14 21 26 3 4		£12,916,500
Friday 7th November, 2008	1 9 12 17 18 3 4		£12,232,500
Friday 31st October, 2008	3 18 25 34 41 2 5		£34,072,303
Friday 24th October, 2008	7 15 16 17 45 6 9		£22,430,836 Rolled
Friday 17th October, 2008	3 10 12 42 50 1 5		£11,643,000 Rolled
Friday 10th October, 2008	4 15 22 31 41 1 6		£22,911,461
Friday 3rd October, 2008	4 13 19 23 38 2 3		£11,697,000 Rolled
Friday 26th September, 2008	14 29 31 33 37 1 2		£102,804,000
Friday 19th September, 2008	14 16 19 20 31 6 9		£11,848,500 Rolled
Friday 12th September, 2008	19 23 33 37 50 3 7		£11,902,500
Friday 5th September, 2008	7 12 16 17 39 3 8		£96,494,237
Friday 29th August, 2008	2 20 25 37 39 5 8		£73,535,143 Rolled
Friday 22nd August, 2008	7 27 29 39 50 5 7		£56,497,830 Rolled
Friday 15th August, 2008	11 17 18 26 31 5 6		£42,652,554 Rolled
Friday 8th August, 2008	4 5 15 16 45 4 7		£31,572,685 Rolled
Friday 1st August, 2008	1 22 25 40 50 1 8		£21,278,542 Rolled
Friday 25th July, 2008	7 11 15 24 29 2 7		£11,836,500 Rolled
Friday 18th July, 2008	10 14 16 29 44 5 6		£11,904,000
Friday 11th July, 2008	9 11 13 19 37 3 4		£12,022,500
Friday 4th July, 2008	7 19 22 27 48 5 7		£11,887,500
Friday 27th June, 2008	5 20 26 44 50 5 7		£46,162,270
Friday 20th June, 2008	8 11 36 37 45 3 5		£34,282,210 Rolled
Friday 13th June, 2008	13 16 37 44 50 1 9		£23,643,210 Rolled
Friday 6th June, 2008	7 19 21 40 50 2 9		£12,021,000 Rolled
Friday 30th May, 2008	5 7 14 20 49 2 8		£11,785,550
Friday 23rd May, 2008	5 9 19 21 38 1 7		£11,959,500
Friday 16th May, 2008	6 9 15 25 38 4 9		£44,376,310
Friday 9th May, 2008	8 9 40 42 45 6 7		£32,235,833 Rolled
Friday 2nd May, 2008	2 26 37 45 48 4 8		£21,330,632 Rolled
Friday 25th April, 2008	4 19 26 27 30 3 8		£11,808,000 Rolled
Friday 18th April, 2008	3 6 7 27 50 5 9		£46,291,408
Friday 11th April, 2008	6 25 30 45 50 5 7		£34,029,801 Rolled
Friday 4th April, 2008	11 13 18 37 47 1 6		£22,132,109 Rolled
Friday 28th March, 2008	5 9 17 29 39 3 6		£11,893,500 Rolled
Friday 21st March, 2008	2 10 18 22 36 4 6		£11,700,000
Friday 14th March, 2008	13 21 25 35 48 4 8		£21,956,568
Friday 7th March, 2008	2 7 14 17 35 1 6		£11,449,500 Rolled
Friday 29th February, 2008	12 37 40 47 49 2 9		£11,482,500
Friday 22nd February, 2008	4 27 32 46 50 8 9		£21,828,987
Friday 15th February, 2008	12 27 29 45 46 4 7		£11,254,500 Rolled
Friday 8th February, 2008	17 28 30 38 44 1 4		£96,525,000
Friday 1st February, 2008	22 30 45 47 49 4 9		£11,314,500 Rolled
Friday 25th January, 2008	2 6 9 19 45 7 8		£56,838,131
Friday 18th January, 2008	14 16 23 40 46 4 8		£43,043,848 Rolled
Friday 11th January, 2008	8 24 36 49 50 4 8		£30,830,593 Rolled
Friday 4th January, 2008	10 12 24 25 41 3 5		£20,174,823 Rolled
Friday 28th December, 2007	20 21 22 31 45 7 9		£11,092,500 Rolled
Friday 21st December, 2007	7 9 28 37 44 6 7		£20,144,622
Friday 14th December, 2007	8 25 30 36 44 3 4		£10,795,500 Rolled
Friday 7th December, 2007	2 4 32 43 48 1 7		£19,829,479
Friday 30th November, 2007	12 19 20 30 38 7 9		£10,713,000 Rolled
Friday 23rd November, 2007	2 10 22 29 48 3 9		£19,779,134
Friday 16th November, 2007	9 18 23 33 37 1 8		£10,744,500 Rolled
Friday 9th November, 2007	5 14 22 25 36 5 6		£10,567,500
Friday 2nd November, 2007	3 16 18 19 40 1 2		£28,675,991
Friday 26th October, 2007	7 20 38 40 43 1 8		£19,424,115 Rolled
Friday 19th October, 2007	7 18 34 35 40 7 8		£10,515,000 Rolled
Friday 12th October, 2007	21 32 36 46 47 3 4		£10,500,000
Friday 5th October, 2007	11 20 27 35 44 2 5		£10,425,000
Friday 28th September, 2007	22 30 34 35 44 4 5		£89,986,000 Rolled
Friday 21st September, 2007	1 17 32 35 37 1 8		£19,075,668
Friday 14th September, 2007	5 9 11 29 33 7 9		£10,407,000 Rolled
Friday 7th September, 2007	2 3 33 34 42 3 5		£10,222,500
Friday 31st August, 2007	6 18 22 23 37 5 6		£26,533,768
Friday 24th August, 2007	1 3 16 42 48 2 3		£18,180,933 Rolled
Friday 17th August, 2007	2 3 13 38 42 7 8		£10,245,000 Rolled
Friday 10th August, 2007	23 40 42 43 49 2 6		£35,425,412
Friday 3rd August, 2007	10 30 33 37 41 1 8		£26,567,438 Rolled
Friday 27th July, 2007	1 4 21 29 41 7 8		£18,065,039 Rolled
Friday 20th July, 2007	10 21 25 26 50 4 9		£10,129,500 Rolled
Friday 13th July, 2007	9 13 15 31 48 3 6		£38,751,123
Friday 6th July, 2007	4 5 19 39 41 8 9		£27,130,830 Rolled
Friday 29th June, 2007	8 12 28 33 45 1 3		£18,141,468 Rolled
Friday 22nd June, 2007	11 16 17 22 34 5 6		£10,143,000 Rolled
Friday 15th June, 2007	5 7 14 21 40 3 8		£18,315,755
Friday 8th June, 2007	1 15 17 25 45 2 8		£10,227,000 Rolled
Friday 1st June, 2007	6 22 37 41 42 6 9		£10,213,500
Friday 25th May, 2007	25 26 29 49 50 7 8		£10,198,500
Friday 18th May, 2007	26 34 37 39 49 2 6		£10,300,500
Friday 11th May, 2007	7 12 26 29 49 2 6		£36,553,818
Friday 4th May, 2007	6 17 35 41 45 1 5		£27,129,600 Rolled
Friday 27th April, 2007	7 18 27 36 44 1 2		£18,412,118 Rolled
Friday 20th April, 2007	23 26 32 41 45 3 7		£10,222,500 Rolled
Friday 13th April, 2007	7 20 25 38 41 3 7		£10,255,500
Friday 6th April, 2007	15 23 29 41 48 3 6		£18,409,444
Friday 30th March, 2007	9 17 19 41 46 1 8		£10,222,500 Rolled
Friday 23rd March, 2007	5 13 17 40 43 1 3		£27,883,920
Friday 16th March, 2007	4 14 31 45 49 4 9		£19,068,212 Rolled
Friday 9th March, 2007	2 3 25 43 48 6 9		£10,222,500 Rolled
Friday 2nd March, 2007	3 16 34 38 48 5 8		£28,815,322
Friday 23rd February, 2007	2 15 18 20 22 2 5		£19,003,239 Rolled
Friday 16th February, 2007	8 19 20 39 50 6 9		£10,147,500 Rolled
Friday 9th February, 2007	14 16 30 36 46 2 8		£66,980,000
Friday 2nd February, 2007	14 23 27 30 36 1 6		£17,980,945
Friday 26th January, 2007	11 15 23 30 38 4 9		£9,925,500 Rolled
Friday 19th January, 2007	5 13 27 33 42 2 4		£9,892,500
Friday 12th January, 2007	8 11 14 19 25 3 5		£9,931,500
Friday 5th January, 2007	17 19 29 36 45 5 6		£53,017,330
Friday 29th December, 2006	6 9 13 14 35 3 4		£45,347,820 Rolled
Friday 22nd December, 2006	9 11 20 38 43 2 3		£35,802,728 Rolled
Friday 15th December, 2006	9 23 35 37 42 3 7		£26,717,930 Rolled
Friday 8th December, 2006	16 17 18 36 47 1 2		£18,316,018 Rolled
Friday 1st December, 2006	4 8 16 37 41 2 5		£10,155,000 Rolled
Friday 24th November, 2006	5 8 17 25 40 1 5		£10,123,500
Friday 17th November, 2006	12 22 32 33 36 2 6		£0
Friday 10th November, 2006	14 21 27 30 36 2 3		£103,732,783 Rolled
Friday 3rd November, 2006	11 13 24 44 49 3 9		£88,344,099 Rolled
Friday 27th October, 2006	3 4 8 44 50 7 8		£76,340,225
Friday 20th October, 2006	10 19 34 45 47 3 6		£65,142,684 Rolled
Friday 13th October, 2006	2 25 32 38 41 3 5		£56,070,560 Rolled
Friday 6th October, 2006	5 11 22 35 38 7 8		£46,854,371 Rolled
Friday 29th September, 2006	1 3 6 18 24 5 8		£40,239,985 Rolled
Friday 22nd September, 2006	10 29 30 45 49 3 8		£31,939,763 Rolled
Friday 15th September, 2006	6 10 16 26 49 7 9		£24,337,182 Rolled
Friday 8th September, 2006	1 10 12 32 33 1 8		£17,240,142 Rolled
Friday 1st September, 2006	3 7 25 45 50 6 9		£10,155,000 Rolled
Friday 25th August, 2006	10 28 40 47 48 6 8		£39,013,160
Friday 18th August, 2006	12 37 39 40 50 1 2		£31,392,520 Rolled
Friday 11th August, 2006	27 28 31 46 47 2 5		£23,807,666 Rolled
Friday 4th August, 2006	1 14 15 26 32 3 7		£16,954,778 Rolled
Friday 28th July, 2006	3 8 12 29 43 6 7		£10,326,000 Rolled
Friday 21st July, 2006	2 4 9 38 50 6 8		£17,191,693
Friday 14th July, 2006	1 7 17 31 36 2 8		£10,374,000 Rolled
Friday 7th July, 2006	7 9 18 35 43 5 7		£47,618,994
Friday 30th June, 2006	6 15 16 40 43 1 2		£40,812,950 Rolled
Friday 23rd June, 2006	9 21 30 43 44 1 9		£32,403,049 Rolled
Friday 16th June, 2006	1 16 26 30 36 3 9		£24,499,898 Rolled
Friday 9th June, 2006	3 12 15 34 39 4 6		£17,366,509 Rolled
Friday 2nd June, 2006	7 8 27 41 48 1 6		£10,335,000 Rolled
Friday 26th May, 2006	2 12 21 41 49 3 7		£10,326,000
Friday 19th May, 2006	3 5 25 34 49 5 8		£10,137,000
Friday 12th May, 2006	5 20 23 34 50 1 5		£17,589,298
Friday 5th May, 2006	4 8 14 16 50 3 9		£10,320,000 Rolled
Friday 28th April, 2006	5 10 17 22 33 5 7		£17,970,266
Friday 21st April, 2006	1 20 22 37 46 1 9		£10,440,000 Rolled
Friday 14th April, 2006	16 26 34 35 49 2 6		£17,804,198
Friday 7th April, 2006	12 13 29 44 50 4 5		£10,485,000 Rolled
Friday 31st March, 2006	3 20 31 45 50 6 7		£53,102,939
Friday 24th March, 2006	17 28 33 35 47 4 9		£45,191,782 Rolled
Friday 17th March, 2006	5 32 44 45 50 1 7		£36,196,725 Rolled
Friday 10th March, 2006	1 21 33 45 49 4 8		£26,351,576 Rolled
Friday 3rd March, 2006	3 5 8 10 44 3 5		£18,470,476 Rolled
Friday 24th February, 2006	1 11 18 19 47 3 7		£10,255,500 Rolled
Friday 17th February, 2006	4 23 24 26 38 2 4		£19,180,108
Friday 10th February, 2006	5 6 38 48 50 6 7		£10,296,000 Rolled
Friday 3rd February, 2006	9 21 30 39 50 1 3		£42,019,877
Friday 27th January, 2006	9 15 21 40 49 1 4		£105,412,292 Rolled
Friday 20th January, 2006	12 15 33 44 50 2 6		£87,820,908 Rolled
Friday 13th January, 2006	8 12 19 33 34 1 6		£73,898,698 Rolled
Friday 6th January, 2006	2 6 9 14 26 4 5		£61,801,800 Rolled
Friday 30th December, 2005	8 16 19 43 45 1 4		£53,342,474 Rolled
Friday 23rd December, 2005	15 31 36 37 42 1 7		£45,483,082 Rolled
Friday 16th December, 2005	2 3 15 18 32 6 7		£38,305,717 Rolled
Friday 9th December, 2005	11 18 35 38 42 1 5		£30,453,067 Rolled
Friday 2nd December, 2005	1 9 20 23 30 4 7		£23,443,437 Rolled
Friday 25th November, 2005	1 6 27 39 47 1 6		£16,846,594 Rolled
Friday 18th November, 2005	17 18 25 34 48 2 3		£10,312,500 Rolled
Friday 11th November, 2005	15 16 36 41 42 3 5		£30,453,995
Friday 4th November, 2005	26 36 37 38 42 2 6		£23,432,048
Friday 28th October, 2005	14 36 44 47 50 3 5		£16,727,964 Rolled
Friday 21st October, 2005	1 14 19 29 33 1 8		£10,143,000 Rolled
Friday 14th October, 2005	10 11 19 20 23 1 6		£10,215,000
Friday 7th October, 2005	2 13 21 26 44 3 9		£10,335,000
Friday 30th September, 2005	6 11 47 48 50 1 6		£17,020,072
Friday 23rd September, 2005	1 26 31 34 47 4 9		£10,200,000 Rolled
Friday 16th September, 2005	12 13 19 21 38 3 9		£51,513,123
Friday 9th September, 2005	8 12 19 31 50 6 7		£44,899,448 Rolled
Friday 2nd September, 2005	3 4 14 43 50 3 6		£39,270,421 Rolled
Friday 26th August, 2005	9 29 35 40 41 1 6		£31,534,575 Rolled
Friday 19th August, 2005	11 24 29 31 41 1 3		£24,045,393 Rolled
Friday 12th August, 2005	15 23 30 37 40 7 9		£17,327,035 Rolled
Friday 5th August, 2005	2 11 21 22 30 4 6		£10,443,000 Rolled
Friday 29th July, 2005	3 19 26 49 50 4 5		£79,881,799
Friday 22nd July, 2005	3 14 41 48 49 1 4		£67,927,336 Rolled
Friday 15th July, 2005	1 11 12 23 42 3 6		£57,176,654 Rolled
Friday 8th July, 2005	35 36 42 46 49 2 8		£48,784,765 Rolled
Friday 1st July, 2005	4 5 23 25 28 3 4		£40,827,016 Rolled
Friday 24th June, 2005	6 8 14 15 45 7 8		£34,370,581 Rolled
Friday 17th June, 2005	4 8 10 18 21 1 7		£28,094,862 Rolled
Friday 10th June, 2005	6 7 32 37 47 1 7		£21,734,699 Rolled
Friday 3rd June, 2005	3 8 11 17 50 1 5		£15,902,687 Rolled
Friday 27th May, 2005	2 24 31 48 50 4 9		£10,402,500 Rolled
Friday 20th May, 2005	6 7 13 28 47 5 8		£29,611,179
Friday 13th May, 2005	12 17 31 32 40 2 9		£22,628,469 Rolled
Friday 6th May, 2005	7 12 21 26 44 6 8		£15,917,412 Rolled
Friday 29th April, 2005	3 9 35 39 42 1 8		£10,155,000 Rolled
Friday 22nd April, 2005	3 10 13 24 47 5 9		£16,256,571
Friday 15th April, 2005	6 28 31 38 42 3 9		£10,278,000 Rolled
Friday 8th April, 2005	7 11 25 31 50 1 3		£43,951,166
Friday 1st April, 2005	25 26 41 44 47 3 7		£36,934,606 Rolled
Friday 25th March, 2005	4 29 33 37 38 6 9		£31,323,139 Rolled
Friday 18th March, 2005	6 23 39 43 48 5 7		£24,623,504 Rolled
Friday 11th March, 2005	8 12 23 40 43 1 4		£18,499,838 Rolled
Friday 4th March, 2005	12 24 32 37 39 7 9		£12,348,100 Rolled
Friday 25th February, 2005	3 27 30 43 44 4 8		£6,907,000 Rolled
Friday 18th February, 2005	20 21 26 32 46 8 9		£6,903,000
Friday 11th February, 2005	11 13 25 32 50 4 7		£23,978,705
Friday 4th February, 2005	1 8 11 30 40 7 8		£17,823,072
Friday 28th January, 2005	7 21 26 43 45 5 7		£12,275,202
Friday 21st January, 2005	10 12 14 24 26 5 8		£6,970,000 Rolled
Friday 14th January, 2005	6 11 14 19 29 1 3		£18,296,178
Friday 7th January, 2005	3 23 27 47 50 2 3		£12,408,063 Rolled
Friday 31st December, 2004	7 8 24 25 47 8 9		£7,074,000 Rolled
Friday 24th December, 2004	3 4 27 29 37 5 6		£7,037,000
Friday 17th December, 2004	15 19 22 46 49 2 9		£17,973,434
Friday 10th December, 2004	1 3 13 16 43 2 7		£12,388,642 Rolled
Friday 3rd December, 2004	1 11 15 42 49 3 4		£6,945,000 Rolled
Friday 26th November, 2004	1 4 24 34 36 6 8		£30,738,943
Friday 19th November, 2004	1 18 29 34 37 2 6		£23,523,322 Rolled
Friday 12th November, 2004	4 11 12 13 32 3 9		£17,364,782 Rolled
Friday 5th November, 2004	6 19 25 42 49 1 7		£12,066,841 Rolled
Friday 29th October, 2004	1 8 32 35 38 4 9		£6,967,000 Rolled
Friday 22nd October, 2004	1 9 23 25 40 3 9		£17,398,554
Friday 15th October, 2004	14 21 22 37 43 5 8		£11,885,938 Rolled
Friday 8th October, 2004	1 10 12 16 48 2 6		£6,950,000 Rolled
Friday 1st October, 2004	12 20 21 45 48 5 6		£20,656,084
Friday 24th September, 2004	21 26 27 44 48 1 7		£17,853,153 Rolled
Friday 17th September, 2004	15 18 29 39 41 5 8		£15,652,287 Rolled
Friday 10th September, 2004	5 25 33 36 38 2 5		£13,705,824 Rolled
Friday 3rd September, 2004	8 12 14 15 34 6 7		£11,745,718 Rolled
Friday 27th August, 2004	1 11 22 28 44 1 9		£9,880,576 Rolled
Friday 20th August, 2004	6 9 10 27 35 6 8		£8,372,421 Rolled
Friday 13th August, 2004	20 27 41 43 50 5 8		£6,740,000 Rolled
Friday 6th August, 2004	5 15 24 35 44 5 6		£16,568,021
Friday 30th July, 2004	9 10 19 37 50 1 6		£14,603,161 Rolled
Friday 23rd July, 2004	7 10 27 31 34 3 8		£12,787,495 Rolled
Friday 16th July, 2004	24 26 31 38 50 5 8		£11,275,186 Rolled
Friday 9th July, 2004	2 5 12 19 44 8 9		£9,720,341 Rolled
Friday 2nd July, 2004	4 23 24 28 34 1 3		£8,214,347 Rolled
Friday 25th June, 2004	3 21 30 34 35 1 2		£6,685,000 Rolled
Friday 18th June, 2004	2 23 28 40 43 2 6		£8,140,055
Friday 11th June, 2004	2 7 8 10 47 1 7		£6,580,000 Rolled
Friday 4th June, 2004	9 13 34 41 42 3 7		£8,735,476
Friday 28th May, 2004	6 11 35 41 44 5 6		£6,712,000 Rolled
Friday 21st May, 2004	15 29 37 39 49 4 9		£6,712,000
Friday 14th May, 2004	1 3 21 32 39 2 6		£22,849,563
Friday 7th May, 2004	15 16 21 36 38 1 5		£19,983,000 Rolled
Friday 30th April, 2004	5 6 16 23 27 6 7		£16,887,500 Rolled
Friday 23rd April, 2004	6 10 21 45 49 3 5		£13,390,000 Rolled
Friday 16th April, 2004	14 15 28 35 40 1 3		£10,027,500 Rolled
Friday 9th April, 2004	1 4 10 19 23 2 8		£16,752,145
Friday 2nd April, 2004	4 12 24 27 36 2 9		£15,183,435 Rolled
Friday 26th March, 2004	3 4 10 23 43 2 4		£13,451,480 Rolled
Friday 19th March, 2004	33 36 37 42 45 4 9		£11,696,661 Rolled
Friday 12th March, 2004	15 24 28 44 47 4 5		£10,171,500 Rolled
Friday 5th March, 2004	4 7 33 37 39 1 5		£13,870,849
Friday 27th February, 2004	14 18 19 31 37 4 5		£11,880,304 Rolled
Friday 20th February, 2004	7 13 39 47 50 2 5		£10,111,500 Rolled
Friday 13th February, 2004	16 29 32 36 41 7 9		£10,143,000